Cluster,Mean_Intra_Cluster_Distance
0,0.3640945997317257
1,0.7108974347138034
2,0.6548684894256472
3,0.6528569879116324
4,0.0
5,0.23354822554765228
6,0.5543909859094027
