Avg_Amount,Median_Amount,Most_Common_Day,Weekend_Spend_Percentage,Cluster
30.0,30.0,N/A,0.0,0
216.66666666666666,200.0,N/A,0.0,1
25.0,15.0,N/A,100.0,2
41.666666666666664,50.0,N/A,0.0,3
131.66666666666666,150.0,N/A,66.66666666666666,4
71.66666666666667,80.0,N/A,0.0,5
100.0,90.0,N/A,0.0,6
